{
  "cod": "200",
  "message": 0,
  "cnt": 40,
  "list": [
    {
      "dt": 1645120800,
      "main": {
        "temp": 289.56,
        "feels_like": 289.58,
        "temp_min": 289.56,
        "temp_max": 290.17,
        "pressure": 1018,
        "sea_level": 1018,
        "grnd_level": 1015,
        "humidity": 89,
        "temp_kf": -0.61
      },
      "weather": [
        {
          "id": 500,
          "main": "Rain",
          "description": "light rain",
          "icon": "10n"
        }
      ],
      "clouds": {
        "all": 100
      },
      "wind": {
        "speed": 10.42,
        "deg": 78,
        "gust": 12.16
      },
      "visibility": 10000,
      "pop": 0.58,
      "rain": {
        "3h": 0.45
      },
      "sys": {
        "pod": "n"
      },
      "dt_txt": "2022-02-17 18:00:00"
    },
    {
      "dt": 1645131600,
      "main": {
        "temp": 289.91,
        "feels_like": 289.94,
        "temp_min": 289.91,
        "temp_max": 290.24,
        "pressure": 1016,
        "sea_level": 1016,
        "grnd_level": 1014,
        "humidity": 88,
        "temp_kf": -0.33
      },
      "weather": [
        {
          "id": 500,
          "main": "Rain",
          "description": "light rain",
          "icon": "10n"
        }
      ],
      "clouds": {
        "all": 100
      },
      "wind": {
        "speed": 11.67,
        "deg": 89,
        "gust": 13.73
      },
      "visibility": 10000,
      "pop": 0.34,
      "rain": {
        "3h": 0.21
      },
      "sys": {
        "pod": "n"
      },
      "dt_txt": "2022-02-17 21:00:00"
    },
    {
      "dt": 1645142400,
      "main": {
        "temp": 290.29,
        "feels_like": 290.33,
        "temp_min": 290.29,
        "temp_max": 290.29,
        "pressure": 1016,
        "sea_level": 1016,
        "grnd_level": 1016,
        "humidity": 87,
        "temp_kf": 0
      },
      "weather": [
        {
          "id": 500,
          "main": "Rain",
          "description": "light rain",
          "icon": "10d"
        }
      ],
      "clouds": {
        "all": 100
      },
      "wind": {
        "speed": 11.35,
        "deg": 84,
        "gust": 13.28
      },
      "visibility": 10000,
      "pop": 0.27,
      "rain": {
        "3h": 0.17
      },
      "sys": {
        "pod": "d"
      },
      "dt_txt": "2022-02-18 00:00:00"
    },
    {
      "dt": 1645153200,
      "main": {
        "temp": 290.15,
        "feels_like": 290.15,
        "temp_min": 290.15,
        "temp_max": 290.15,
        "pressure": 1017,
        "sea_level": 1017,
        "grnd_level": 1016,
        "humidity": 86,
        "temp_kf": 0
      },
      "weather": [
        {
          "id": 500,
          "main": "Rain",
          "description": "light rain",
          "icon": "10d"
        }
      ],
      "clouds": {
        "all": 100
      },
      "wind": {
        "speed": 12.73,
        "deg": 89,
        "gust": 14.81
      },
      "visibility": 10000,
      "pop": 0.2,
      "rain": {
        "3h": 0.11
      },
      "sys": {
        "pod": "d"
      },
      "dt_txt": "2022-02-18 03:00:00"
    },
    {
      "dt": 1645164000,
      "main": {
        "temp": 290.14,
        "feels_like": 290.11,
        "temp_min": 290.14,
        "temp_max": 290.14,
        "pressure": 1014,
        "sea_level": 1014,
        "grnd_level": 1014,
        "humidity": 85,
        "temp_kf": 0
      },
      "weather": [
        {
          "id": 500,
          "main": "Rain",
          "description": "light rain",
          "icon": "10d"
        }
      ],
      "clouds": {
        "all": 100
      },
      "wind": {
        "speed": 10.91,
        "deg": 82,
        "gust": 12.53
      },
      "visibility": 10000,
      "pop": 0.2,
      "rain": {
        "3h": 0.19
      },
      "sys": {
        "pod": "d"
      },
      "dt_txt": "2022-02-18 06:00:00"
    },
    {
      "dt": 1645174800,
      "main": {
        "temp": 290.43,
        "feels_like": 290.43,
        "temp_min": 290.43,
        "temp_max": 290.43,
        "pressure": 1013,
        "sea_level": 1013,
        "grnd_level": 1013,
        "humidity": 85,
        "temp_kf": 0
      },
      "weather": [
        {
          "id": 804,
          "main": "Clouds",
          "description": "overcast clouds",
          "icon": "04d"
        }
      ],
      "clouds": {
        "all": 100
      },
      "wind": {
        "speed": 9.73,
        "deg": 78,
        "gust": 11.18
      },
      "visibility": 10000,
      "pop": 0,
      "sys": {
        "pod": "d"
      },
      "dt_txt": "2022-02-18 09:00:00"
    },
    {
      "dt": 1645185600,
      "main": {
        "temp": 290.65,
        "feels_like": 290.67,
        "temp_min": 290.65,
        "temp_max": 290.65,
        "pressure": 1015,
        "sea_level": 1015,
        "grnd_level": 1015,
        "humidity": 85,
        "temp_kf": 0
      },
      "weather": [
        {
          "id": 804,
          "main": "Clouds",
          "description": "overcast clouds",
          "icon": "04n"
        }
      ],
      "clouds": {
        "all": 100
      },
      "wind": {
        "speed": 8.88,
        "deg": 80,
        "gust": 10.18
      },
      "visibility": 10000,
      "pop": 0,
      "sys": {
        "pod": "n"
      },
      "dt_txt": "2022-02-18 12:00:00"
    },
    {
      "dt": 1645196400,
      "main": {
        "temp": 290.7,
        "feels_like": 290.78,
        "temp_min": 290.7,
        "temp_max": 290.7,
        "pressure": 1016,
        "sea_level": 1016,
        "grnd_level": 1016,
        "humidity": 87,
        "temp_kf": 0
      },
      "weather": [
        {
          "id": 804,
          "main": "Clouds",
          "description": "overcast clouds",
          "icon": "04n"
        }
      ],
      "clouds": {
        "all": 100
      },
      "wind": {
        "speed": 7.9,
        "deg": 71,
        "gust": 9.09
      },
      "visibility": 10000,
      "pop": 0.12,
      "sys": {
        "pod": "n"
      },
      "dt_txt": "2022-02-18 15:00:00"
    },
    {
      "dt": 1645207200,
      "main": {
        "temp": 290.17,
        "feels_like": 290.23,
        "temp_min": 290.17,
        "temp_max": 290.17,
        "pressure": 1015,
        "sea_level": 1015,
        "grnd_level": 1015,
        "humidity": 88,
        "temp_kf": 0
      },
      "weather": [
        {
          "id": 500,
          "main": "Rain",
          "description": "light rain",
          "icon": "10n"
        }
      ],
      "clouds": {
        "all": 100
      },
      "wind": {
        "speed": 7.39,
        "deg": 61,
        "gust": 8.72
      },
      "visibility": 10000,
      "pop": 0.76,
      "rain": {
        "3h": 1.07
      },
      "sys": {
        "pod": "n"
      },
      "dt_txt": "2022-02-18 18:00:00"
    },
    {
      "dt": 1645218000,
      "main": {
        "temp": 289.7,
        "feels_like": 289.68,
        "temp_min": 289.7,
        "temp_max": 289.7,
        "pressure": 1015,
        "sea_level": 1015,
        "grnd_level": 1014,
        "humidity": 87,
        "temp_kf": 0
      },
      "weather": [
        {
          "id": 500,
          "main": "Rain",
          "description": "light rain",
          "icon": "10n"
        }
      ],
      "clouds": {
        "all": 100
      },
      "wind": {
        "speed": 5.86,
        "deg": 49,
        "gust": 7.34
      },
      "visibility": 10000,
      "pop": 1,
      "rain": {
        "3h": 1.41
      },
      "sys": {
        "pod": "n"
      },
      "dt_txt": "2022-02-18 21:00:00"
    },
    {
      "dt": 1645228800,
      "main": {
        "temp": 288,
        "feels_like": 287.73,
        "temp_min": 288,
        "temp_max": 288,
        "pressure": 1017,
        "sea_level": 1017,
        "grnd_level": 1017,
        "humidity": 84,
        "temp_kf": 0
      },
      "weather": [
        {
          "id": 500,
          "main": "Rain",
          "description": "light rain",
          "icon": "10d"
        }
      ],
      "clouds": {
        "all": 100
      },
      "wind": {
        "speed": 4.85,
        "deg": 20,
        "gust": 5.75
      },
      "visibility": 10000,
      "pop": 1,
      "rain": {
        "3h": 0.43
      },
      "sys": {
        "pod": "d"
      },
      "dt_txt": "2022-02-19 00:00:00"
    },
    {
      "dt": 1645239600,
      "main": {
        "temp": 286.85,
        "feels_like": 286.42,
        "temp_min": 286.85,
        "temp_max": 286.85,
        "pressure": 1018,
        "sea_level": 1018,
        "grnd_level": 1018,
        "humidity": 82,
        "temp_kf": 0
      },
      "weather": [
        {
          "id": 500,
          "main": "Rain",
          "description": "light rain",
          "icon": "10d"
        }
      ],
      "clouds": {
        "all": 100
      },
      "wind": {
        "speed": 4.74,
        "deg": 9,
        "gust": 5.46
      },
      "visibility": 10000,
      "pop": 1,
      "rain": {
        "3h": 1.46
      },
      "sys": {
        "pod": "d"
      },
      "dt_txt": "2022-02-19 03:00:00"
    },
    {
      "dt": 1645250400,
      "main": {
        "temp": 285.86,
        "feels_like": 285.43,
        "temp_min": 285.86,
        "temp_max": 285.86,
        "pressure": 1016,
        "sea_level": 1016,
        "grnd_level": 1015,
        "humidity": 86,
        "temp_kf": 0
      },
      "weather": [
        {
          "id": 500,
          "main": "Rain",
          "description": "light rain",
          "icon": "10d"
        }
      ],
      "clouds": {
        "all": 100
      },
      "wind": {
        "speed": 5.48,
        "deg": 18,
        "gust": 6.27
      },
      "visibility": 8165,
      "pop": 1,
      "rain": {
        "3h": 2.36
      },
      "sys": {
        "pod": "d"
      },
      "dt_txt": "2022-02-19 06:00:00"
    },
    {
      "dt": 1645261200,
      "main": {
        "temp": 285.39,
        "feels_like": 284.92,
        "temp_min": 285.39,
        "temp_max": 285.39,
        "pressure": 1015,
        "sea_level": 1015,
        "grnd_level": 1015,
        "humidity": 86,
        "temp_kf": 0
      },
      "weather": [
        {
          "id": 500,
          "main": "Rain",
          "description": "light rain",
          "icon": "10d"
        }
      ],
      "clouds": {
        "all": 100
      },
      "wind": {
        "speed": 5.37,
        "deg": 9,
        "gust": 5.9
      },
      "visibility": 10000,
      "pop": 1,
      "rain": {
        "3h": 1.74
      },
      "sys": {
        "pod": "d"
      },
      "dt_txt": "2022-02-19 09:00:00"
    },
    {
      "dt": 1645272000,
      "main": {
        "temp": 284.87,
        "feels_like": 284.32,
        "temp_min": 284.87,
        "temp_max": 284.87,
        "pressure": 1018,
        "sea_level": 1018,
        "grnd_level": 1017,
        "humidity": 85,
        "temp_kf": 0
      },
      "weather": [
        {
          "id": 500,
          "main": "Rain",
          "description": "light rain",
          "icon": "10n"
        }
      ],
      "clouds": {
        "all": 100
      },
      "wind": {
        "speed": 5.74,
        "deg": 1,
        "gust": 6.33
      },
      "visibility": 10000,
      "pop": 1,
      "rain": {
        "3h": 1.33
      },
      "sys": {
        "pod": "n"
      },
      "dt_txt": "2022-02-19 12:00:00"
    },
    {
      "dt": 1645282800,
      "main": {
        "temp": 284.21,
        "feels_like": 283.56,
        "temp_min": 284.21,
        "temp_max": 284.21,
        "pressure": 1019,
        "sea_level": 1019,
        "grnd_level": 1019,
        "humidity": 84,
        "temp_kf": 0
      },
      "weather": [
        {
          "id": 500,
          "main": "Rain",
          "description": "light rain",
          "icon": "10n"
        }
      ],
      "clouds": {
        "all": 100
      },
      "wind": {
        "speed": 7.22,
        "deg": 10,
        "gust": 9.2
      },
      "visibility": 10000,
      "pop": 1,
      "rain": {
        "3h": 2.46
      },
      "sys": {
        "pod": "n"
      },
      "dt_txt": "2022-02-19 15:00:00"
    },
    {
      "dt": 1645293600,
      "main": {
        "temp": 283.78,
        "feels_like": 282.99,
        "temp_min": 283.78,
        "temp_max": 283.78,
        "pressure": 1019,
        "sea_level": 1019,
        "grnd_level": 1018,
        "humidity": 80,
        "temp_kf": 0
      },
      "weather": [
        {
          "id": 500,
          "main": "Rain",
          "description": "light rain",
          "icon": "10n"
        }
      ],
      "clouds": {
        "all": 100
      },
      "wind": {
        "speed": 8.2,
        "deg": 9,
        "gust": 10.66
      },
      "visibility": 10000,
      "pop": 1,
      "rain": {
        "3h": 0.61
      },
      "sys": {
        "pod": "n"
      },
      "dt_txt": "2022-02-19 18:00:00"
    },
    {
      "dt": 1645304400,
      "main": {
        "temp": 283.08,
        "feels_like": 279.56,
        "temp_min": 283.08,
        "temp_max": 283.08,
        "pressure": 1018,
        "sea_level": 1018,
        "grnd_level": 1018,
        "humidity": 79,
        "temp_kf": 0
      },
      "weather": [
        {
          "id": 500,
          "main": "Rain",
          "description": "light rain",
          "icon": "10n"
        }
      ],
      "clouds": {
        "all": 100
      },
      "wind": {
        "speed": 8.68,
        "deg": 16,
        "gust": 11.55
      },
      "visibility": 10000,
      "pop": 0.96,
      "rain": {
        "3h": 0.41
      },
      "sys": {
        "pod": "n"
      },
      "dt_txt": "2022-02-19 21:00:00"
    },
    {
      "dt": 1645315200,
      "main": {
        "temp": 282.45,
        "feels_like": 279.26,
        "temp_min": 282.45,
        "temp_max": 282.45,
        "pressure": 1020,
        "sea_level": 1020,
        "grnd_level": 1020,
        "humidity": 83,
        "temp_kf": 0
      },
      "weather": [
        {
          "id": 500,
          "main": "Rain",
          "description": "light rain",
          "icon": "10d"
        }
      ],
      "clouds": {
        "all": 100
      },
      "wind": {
        "speed": 6.76,
        "deg": 15,
        "gust": 8.69
      },
      "visibility": 10000,
      "pop": 1,
      "rain": {
        "3h": 0.85
      },
      "sys": {
        "pod": "d"
      },
      "dt_txt": "2022-02-20 00:00:00"
    },
    {
      "dt": 1645326000,
      "main": {
        "temp": 282.27,
        "feels_like": 278.89,
        "temp_min": 282.27,
        "temp_max": 282.27,
        "pressure": 1022,
        "sea_level": 1022,
        "grnd_level": 1021,
        "humidity": 83,
        "temp_kf": 0
      },
      "weather": [
        {
          "id": 500,
          "main": "Rain",
          "description": "light rain",
          "icon": "10d"
        }
      ],
      "clouds": {
        "all": 100
      },
      "wind": {
        "speed": 7.22,
        "deg": 17,
        "gust": 9.68
      },
      "visibility": 10000,
      "pop": 1,
      "rain": {
        "3h": 0.86
      },
      "sys": {
        "pod": "d"
      },
      "dt_txt": "2022-02-20 03:00:00"
    },
    {
      "dt": 1645336800,
      "main": {
        "temp": 282.09,
        "feels_like": 278.85,
        "temp_min": 282.09,
        "temp_max": 282.09,
        "pressure": 1020,
        "sea_level": 1020,
        "grnd_level": 1019,
        "humidity": 84,
        "temp_kf": 0
      },
      "weather": [
        {
          "id": 500,
          "main": "Rain",
          "description": "light rain",
          "icon": "10d"
        }
      ],
      "clouds": {
        "all": 100
      },
      "wind": {
        "speed": 6.61,
        "deg": 7,
        "gust": 8.26
      },
      "visibility": 10000,
      "pop": 1,
      "rain": {
        "3h": 0.86
      },
      "sys": {
        "pod": "d"
      },
      "dt_txt": "2022-02-20 06:00:00"
    },
    {
      "dt": 1645347600,
      "main": {
        "temp": 281.88,
        "feels_like": 278.82,
        "temp_min": 281.88,
        "temp_max": 281.88,
        "pressure": 1020,
        "sea_level": 1020,
        "grnd_level": 1020,
        "humidity": 86,
        "temp_kf": 0
      },
      "weather": [
        {
          "id": 500,
          "main": "Rain",
          "description": "light rain",
          "icon": "10d"
        }
      ],
      "clouds": {
        "all": 100
      },
      "wind": {
        "speed": 5.88,
        "deg": 11,
        "gust": 7.44
      },
      "visibility": 9430,
      "pop": 1,
      "rain": {
        "3h": 2.53
      },
      "sys": {
        "pod": "d"
      },
      "dt_txt": "2022-02-20 09:00:00"
    },
    {
      "dt": 1645358400,
      "main": {
        "temp": 281.59,
        "feels_like": 278.21,
        "temp_min": 281.59,
        "temp_max": 281.59,
        "pressure": 1023,
        "sea_level": 1023,
        "grnd_level": 1022,
        "humidity": 89,
        "temp_kf": 0
      },
      "weather": [
        {
          "id": 501,
          "main": "Rain",
          "description": "moderate rain",
          "icon": "10n"
        }
      ],
      "clouds": {
        "all": 100
      },
      "wind": {
        "speed": 6.6,
        "deg": 25,
        "gust": 8.79
      },
      "visibility": 9449,
      "pop": 1,
      "rain": {
        "3h": 6.75
      },
      "sys": {
        "pod": "n"
      },
      "dt_txt": "2022-02-20 12:00:00"
    },
    {
      "dt": 1645369200,
      "main": {
        "temp": 281.34,
        "feels_like": 278.36,
        "temp_min": 281.34,
        "temp_max": 281.34,
        "pressure": 1023,
        "sea_level": 1023,
        "grnd_level": 1023,
        "humidity": 90,
        "temp_kf": 0
      },
      "weather": [
        {
          "id": 501,
          "main": "Rain",
          "description": "moderate rain",
          "icon": "10n"
        }
      ],
      "clouds": {
        "all": 100
      },
      "wind": {
        "speed": 5.29,
        "deg": 17,
        "gust": 5.84
      },
      "visibility": 7269,
      "pop": 1,
      "rain": {
        "3h": 6.16
      },
      "sys": {
        "pod": "n"
      },
      "dt_txt": "2022-02-20 15:00:00"
    },
    {
      "dt": 1645380000,
      "main": {
        "temp": 281.42,
        "feels_like": 278.56,
        "temp_min": 281.42,
        "temp_max": 281.42,
        "pressure": 1023,
        "sea_level": 1023,
        "grnd_level": 1023,
        "humidity": 89,
        "temp_kf": 0
      },
      "weather": [
        {
          "id": 501,
          "main": "Rain",
          "description": "moderate rain",
          "icon": "10n"
        }
      ],
      "clouds": {
        "all": 100
      },
      "wind": {
        "speed": 5.03,
        "deg": 7,
        "gust": 5.43
      },
      "visibility": 10000,
      "pop": 1,
      "rain": {
        "3h": 3.97
      },
      "sys": {
        "pod": "n"
      },
      "dt_txt": "2022-02-20 18:00:00"
    },
    {
      "dt": 1645390800,
      "main": {
        "temp": 281.67,
        "feels_like": 278.43,
        "temp_min": 281.67,
        "temp_max": 281.67,
        "pressure": 1023,
        "sea_level": 1023,
        "grnd_level": 1022,
        "humidity": 86,
        "temp_kf": 0
      },
      "weather": [
        {
          "id": 500,
          "main": "Rain",
          "description": "light rain",
          "icon": "10n"
        }
      ],
      "clouds": {
        "all": 100
      },
      "wind": {
        "speed": 6.25,
        "deg": 9,
        "gust": 8.29
      },
      "visibility": 10000,
      "pop": 1,
      "rain": {
        "3h": 2.41
      },
      "sys": {
        "pod": "n"
      },
      "dt_txt": "2022-02-20 21:00:00"
    },
    {
      "dt": 1645401600,
      "main": {
        "temp": 281.74,
        "feels_like": 278.93,
        "temp_min": 281.74,
        "temp_max": 281.74,
        "pressure": 1024,
        "sea_level": 1024,
        "grnd_level": 1024,
        "humidity": 86,
        "temp_kf": 0
      },
      "weather": [
        {
          "id": 500,
          "main": "Rain",
          "description": "light rain",
          "icon": "10d"
        }
      ],
      "clouds": {
        "all": 100
      },
      "wind": {
        "speed": 5.11,
        "deg": 16,
        "gust": 6.51
      },
      "visibility": 10000,
      "pop": 1,
      "rain": {
        "3h": 2.62
      },
      "sys": {
        "pod": "d"
      },
      "dt_txt": "2022-02-21 00:00:00"
    },
    {
      "dt": 1645412400,
      "main": {
        "temp": 281.84,
        "feels_like": 278.81,
        "temp_min": 281.84,
        "temp_max": 281.84,
        "pressure": 1025,
        "sea_level": 1025,
        "grnd_level": 1025,
        "humidity": 85,
        "temp_kf": 0
      },
      "weather": [
        {
          "id": 500,
          "main": "Rain",
          "description": "light rain",
          "icon": "10d"
        }
      ],
      "clouds": {
        "all": 100
      },
      "wind": {
        "speed": 5.78,
        "deg": 13,
        "gust": 7.54
      },
      "visibility": 10000,
      "pop": 1,
      "rain": {
        "3h": 1.26
      },
      "sys": {
        "pod": "d"
      },
      "dt_txt": "2022-02-21 03:00:00"
    },
    {
      "dt": 1645423200,
      "main": {
        "temp": 282.03,
        "feels_like": 279.25,
        "temp_min": 282.03,
        "temp_max": 282.03,
        "pressure": 1023,
        "sea_level": 1023,
        "grnd_level": 1023,
        "humidity": 83,
        "temp_kf": 0
      },
      "weather": [
        {
          "id": 500,
          "main": "Rain",
          "description": "light rain",
          "icon": "10d"
        }
      ],
      "clouds": {
        "all": 100
      },
      "wind": {
        "speed": 5.23,
        "deg": 17,
        "gust": 6.36
      },
      "visibility": 10000,
      "pop": 0.96,
      "rain": {
        "3h": 0.8
      },
      "sys": {
        "pod": "d"
      },
      "dt_txt": "2022-02-21 06:00:00"
    },
    {
      "dt": 1645434000,
      "main": {
        "temp": 282.11,
        "feels_like": 279.35,
        "temp_min": 282.11,
        "temp_max": 282.11,
        "pressure": 1023,
        "sea_level": 1023,
        "grnd_level": 1022,
        "humidity": 84,
        "temp_kf": 0
      },
      "weather": [
        {
          "id": 500,
          "main": "Rain",
          "description": "light rain",
          "icon": "10d"
        }
      ],
      "clouds": {
        "all": 100
      },
      "wind": {
        "speed": 5.23,
        "deg": 18,
        "gust": 6.17
      },
      "visibility": 10000,
      "pop": 0.91,
      "rain": {
        "3h": 0.96
      },
      "sys": {
        "pod": "d"
      },
      "dt_txt": "2022-02-21 09:00:00"
    },
    {
      "dt": 1645444800,
      "main": {
        "temp": 282.13,
        "feels_like": 279.32,
        "temp_min": 282.13,
        "temp_max": 282.13,
        "pressure": 1024,
        "sea_level": 1024,
        "grnd_level": 1024,
        "humidity": 81,
        "temp_kf": 0
      },
      "weather": [
        {
          "id": 500,
          "main": "Rain",
          "description": "light rain",
          "icon": "10n"
        }
      ],
      "clouds": {
        "all": 100
      },
      "wind": {
        "speed": 5.37,
        "deg": 25,
        "gust": 6.69
      },
      "visibility": 10000,
      "pop": 0.79,
      "rain": {
        "3h": 0.4
      },
      "sys": {
        "pod": "n"
      },
      "dt_txt": "2022-02-21 12:00:00"
    },
    {
      "dt": 1645455600,
      "main": {
        "temp": 282.17,
        "feels_like": 279.89,
        "temp_min": 282.17,
        "temp_max": 282.17,
        "pressure": 1025,
        "sea_level": 1025,
        "grnd_level": 1025,
        "humidity": 78,
        "temp_kf": 0
      },
      "weather": [
        {
          "id": 500,
          "main": "Rain",
          "description": "light rain",
          "icon": "10n"
        }
      ],
      "clouds": {
        "all": 100
      },
      "wind": {
        "speed": 4.13,
        "deg": 23,
        "gust": 4.99
      },
      "visibility": 10000,
      "pop": 0.52,
      "rain": {
        "3h": 0.11
      },
      "sys": {
        "pod": "n"
      },
      "dt_txt": "2022-02-21 15:00:00"
    },
    {
      "dt": 1645466400,
      "main": {
        "temp": 281.9,
        "feels_like": 279.43,
        "temp_min": 281.9,
        "temp_max": 281.9,
        "pressure": 1024,
        "sea_level": 1024,
        "grnd_level": 1024,
        "humidity": 81,
        "temp_kf": 0
      },
      "weather": [
        {
          "id": 500,
          "main": "Rain",
          "description": "light rain",
          "icon": "10n"
        }
      ],
      "clouds": {
        "all": 100
      },
      "wind": {
        "speed": 4.4,
        "deg": 21,
        "gust": 5.33
      },
      "visibility": 10000,
      "pop": 0.4,
      "rain": {
        "3h": 0.34
      },
      "sys": {
        "pod": "n"
      },
      "dt_txt": "2022-02-21 18:00:00"
    },
    {
      "dt": 1645477200,
      "main": {
        "temp": 281.84,
        "feels_like": 279.38,
        "temp_min": 281.84,
        "temp_max": 281.84,
        "pressure": 1023,
        "sea_level": 1023,
        "grnd_level": 1023,
        "humidity": 82,
        "temp_kf": 0
      },
      "weather": [
        {
          "id": 500,
          "main": "Rain",
          "description": "light rain",
          "icon": "10n"
        }
      ],
      "clouds": {
        "all": 100
      },
      "wind": {
        "speed": 4.35,
        "deg": 6,
        "gust": 5.03
      },
      "visibility": 10000,
      "pop": 1,
      "rain": {
        "3h": 0.5
      },
      "sys": {
        "pod": "n"
      },
      "dt_txt": "2022-02-21 21:00:00"
    },
    {
      "dt": 1645488000,
      "main": {
        "temp": 282.07,
        "feels_like": 279.53,
        "temp_min": 282.07,
        "temp_max": 282.07,
        "pressure": 1026,
        "sea_level": 1026,
        "grnd_level": 1026,
        "humidity": 86,
        "temp_kf": 0
      },
      "weather": [
        {
          "id": 500,
          "main": "Rain",
          "description": "light rain",
          "icon": "10d"
        }
      ],
      "clouds": {
        "all": 100
      },
      "wind": {
        "speed": 4.66,
        "deg": 355,
        "gust": 5
      },
      "visibility": 10000,
      "pop": 1,
      "rain": {
        "3h": 1.33
      },
      "sys": {
        "pod": "d"
      },
      "dt_txt": "2022-02-22 00:00:00"
    },
    {
      "dt": 1645498800,
      "main": {
        "temp": 282.4,
        "feels_like": 279.52,
        "temp_min": 282.4,
        "temp_max": 282.4,
        "pressure": 1027,
        "sea_level": 1027,
        "grnd_level": 1027,
        "humidity": 89,
        "temp_kf": 0
      },
      "weather": [
        {
          "id": 500,
          "main": "Rain",
          "description": "light rain",
          "icon": "10d"
        }
      ],
      "clouds": {
        "all": 100
      },
      "wind": {
        "speed": 5.77,
        "deg": 10,
        "gust": 7.04
      },
      "visibility": 10000,
      "pop": 0.97,
      "rain": {
        "3h": 2.03
      },
      "sys": {
        "pod": "d"
      },
      "dt_txt": "2022-02-22 03:00:00"
    },
    {
      "dt": 1645509600,
      "main": {
        "temp": 282.86,
        "feels_like": 280.29,
        "temp_min": 282.86,
        "temp_max": 282.86,
        "pressure": 1024,
        "sea_level": 1024,
        "grnd_level": 1024,
        "humidity": 84,
        "temp_kf": 0
      },
      "weather": [
        {
          "id": 500,
          "main": "Rain",
          "description": "light rain",
          "icon": "10d"
        }
      ],
      "clouds": {
        "all": 100
      },
      "wind": {
        "speed": 5.24,
        "deg": 11,
        "gust": 5.91
      },
      "visibility": 10000,
      "pop": 1,
      "rain": {
        "3h": 0.48
      },
      "sys": {
        "pod": "d"
      },
      "dt_txt": "2022-02-22 06:00:00"
    },
    {
      "dt": 1645520400,
      "main": {
        "temp": 282.72,
        "feels_like": 280.21,
        "temp_min": 282.72,
        "temp_max": 282.72,
        "pressure": 1023,
        "sea_level": 1023,
        "grnd_level": 1023,
        "humidity": 85,
        "temp_kf": 0
      },
      "weather": [
        {
          "id": 500,
          "main": "Rain",
          "description": "light rain",
          "icon": "10d"
        }
      ],
      "clouds": {
        "all": 100
      },
      "wind": {
        "speed": 4.99,
        "deg": 15,
        "gust": 5.85
      },
      "visibility": 10000,
      "pop": 0.88,
      "rain": {
        "3h": 0.82
      },
      "sys": {
        "pod": "d"
      },
      "dt_txt": "2022-02-22 09:00:00"
    },
    {
      "dt": 1645531200,
      "main": {
        "temp": 282.81,
        "feels_like": 280.71,
        "temp_min": 282.81,
        "temp_max": 282.81,
        "pressure": 1025,
        "sea_level": 1025,
        "grnd_level": 1025,
        "humidity": 84,
        "temp_kf": 0
      },
      "weather": [
        {
          "id": 500,
          "main": "Rain",
          "description": "light rain",
          "icon": "10n"
        }
      ],
      "clouds": {
        "all": 100
      },
      "wind": {
        "speed": 4.06,
        "deg": 20,
        "gust": 4.34
      },
      "visibility": 10000,
      "pop": 0.85,
      "rain": {
        "3h": 0.34
      },
      "sys": {
        "pod": "n"
      },
      "dt_txt": "2022-02-22 12:00:00"
    },
    {
      "dt": 1645542000,
      "main": {
        "temp": 282.82,
        "feels_like": 280.67,
        "temp_min": 282.82,
        "temp_max": 282.82,
        "pressure": 1026,
        "sea_level": 1026,
        "grnd_level": 1025,
        "humidity": 84,
        "temp_kf": 0
      },
      "weather": [
        {
          "id": 500,
          "main": "Rain",
          "description": "light rain",
          "icon": "10n"
        }
      ],
      "clouds": {
        "all": 100
      },
      "wind": {
        "speed": 4.17,
        "deg": 11,
        "gust": 4.44
      },
      "visibility": 10000,
      "pop": 0.91,
      "rain": {
        "3h": 0.49
      },
      "sys": {
        "pod": "n"
      },
      "dt_txt": "2022-02-22 15:00:00"
    }
  ],
  "city": {
    "id": 1819729,
    "name": "Hong Kong",
    "coord": {
      "lat": 22.2855,
      "lon": 114.1577
    },
    "country": "HK",
    "population": 7012738,
    "timezone": 28800,
    "sunrise": 1645052043,
    "sunset": 1645093263
  }
}