type,time,latitude,longitude,altitude (ft),name,desc
T,2019-09-20 02:58:18,34.060140000,-118.357695000,173.6,Evening Walk,
T,2019-09-20 02:58:24,34.060092000,-118.357732000,173.6,,
T,2019-09-20 02:58:27,34.060067000,-118.357759000,173.9,,
T,2019-09-20 02:58:29,34.060039000,-118.357772000,173.9,,
T,2019-09-20 02:58:31,34.060014000,-118.357788000,174.2,,
T,2019-09-20 02:58:33,34.059991000,-118.357815000,174.5,,
T,2019-09-20 02:58:36,34.059966000,-118.357843000,174.5,,
T,2019-09-20 02:58:38,34.059935000,-118.357860000,174.9,,
T,2019-09-20 02:58:42,34.059907000,-118.357887000,175.2,,
T,2019-09-20 02:58:44,34.059878000,-118.357900000,175.5,,
T,2019-09-20 02:58:46,34.059850000,-118.357905000,175.9,,
T,2019-09-20 02:58:49,34.059821000,-118.357927000,176.2,,
T,2019-09-20 02:58:53,34.059784000,-118.357937000,176.5,,
T,2019-09-20 02:58:56,34.059754000,-118.357950000,176.8,,
T,2019-09-20 02:59:00,34.059729000,-118.357968000,176.8,,
T,2019-09-20 02:59:03,34.059697000,-118.357971000,177.2,,
T,2019-09-20 02:59:06,34.059662000,-118.357973000,176.8,,
T,2019-09-20 02:59:10,34.059629000,-118.357983000,176.5,,
T,2019-09-20 02:59:13,34.059602000,-118.357991000,176.2,,
T,2019-09-20 02:59:17,34.059560000,-118.357999000,175.2,,
T,2019-09-20 02:59:19,34.059527000,-118.358024000,174.2,,
T,2019-09-20 02:59:21,34.059507000,-118.358048000,173.9,,
T,2019-09-20 02:59:24,34.059472000,-118.358062000,172.9,,
T,2019-09-20 02:59:27,34.059433000,-118.358075000,172.2,,
T,2019-09-20 02:59:30,34.059403000,-118.358085000,171.6,,
T,2019-09-20 02:59:33,34.059367000,-118.358093000,171.3,,
T,2019-09-20 02:59:36,34.059336000,-118.358096000,170.9,,
T,2019-09-20 02:59:38,34.059310000,-118.358113000,170.3,,
T,2019-09-20 02:59:41,34.059266000,-118.358123000,169.9,,
T,2019-09-20 02:59:44,34.059237000,-118.358138000,169.3,,
T,2019-09-20 02:59:47,34.059200000,-118.358156000,169.0,,
T,2019-09-20 02:59:50,34.059165000,-118.358167000,168.6,,
T,2019-09-20 02:59:52,34.059139000,-118.358189000,168.3,,
T,2019-09-20 02:59:55,34.059113000,-118.358207000,168.0,,
T,2019-09-20 02:59:58,34.059084000,-118.358218000,167.7,,
T,2019-09-20 03:00:00,34.059054000,-118.358227000,167.7,,
T,2019-09-20 03:00:03,34.059020000,-118.358249000,167.3,,
T,2019-09-20 03:00:07,34.058984000,-118.358267000,167.0,,
T,2019-09-20 03:00:10,34.058948000,-118.358283000,166.7,,
T,2019-09-20 03:00:13,34.058916000,-118.358299000,166.7,,
T,2019-09-20 03:00:15,34.058888000,-118.358313000,166.3,,
T,2019-09-20 03:00:18,34.058857000,-118.358335000,166.0,,
T,2019-09-20 03:00:22,34.058830000,-118.358343000,166.0,,
T,2019-09-20 03:00:25,34.058799000,-118.358349000,165.7,,
T,2019-09-20 03:00:28,34.058762000,-118.358349000,165.7,,
T,2019-09-20 03:00:31,34.058722000,-118.358350000,165.4,,
T,2019-09-20 03:00:34,34.058689000,-118.358355000,165.4,,
T,2019-09-20 03:00:37,34.058661000,-118.358373000,165.0,,
T,2019-09-20 03:00:39,34.058636000,-118.358393000,165.0,,
T,2019-09-20 03:00:42,34.058606000,-118.358406000,164.7,,
T,2019-09-20 03:00:45,34.058577000,-118.358429000,164.4,,
T,2019-09-20 03:00:48,34.058548000,-118.358447000,164.4,,
T,2019-09-20 03:00:52,34.058520000,-118.358472000,164.0,,
T,2019-09-20 03:00:55,34.058494000,-118.358480000,164.0,,
T,2019-09-20 03:00:58,34.058462000,-118.358494000,163.7,,
T,2019-09-20 03:01:02,34.058431000,-118.358517000,163.7,,
T,2019-09-20 03:01:05,34.058401000,-118.358539000,163.7,,
T,2019-09-20 03:01:07,34.058361000,-118.358554000,163.4,,
T,2019-09-20 03:01:10,34.058325000,-118.358563000,163.4,,
T,2019-09-20 03:01:12,34.058297000,-118.358564000,163.4,,
T,2019-09-20 03:01:14,34.058263000,-118.358571000,163.4,,
T,2019-09-20 03:01:17,34.058228000,-118.358573000,163.4,,
T,2019-09-20 03:01:20,34.058203000,-118.358593000,163.4,,
T,2019-09-20 03:01:22,34.058174000,-118.358610000,163.1,,
T,2019-09-20 03:01:26,34.058147000,-118.358632000,163.1,,
T,2019-09-20 03:01:28,34.058118000,-118.358653000,163.4,,
T,2019-09-20 03:01:30,34.058091000,-118.358677000,163.4,,
T,2019-09-20 03:01:33,34.058059000,-118.358697000,163.4,,
T,2019-09-20 03:01:36,34.058024000,-118.358700000,163.7,,
T,2019-09-20 03:01:39,34.057986000,-118.358687000,163.7,,
T,2019-09-20 03:01:42,34.057959000,-118.358695000,163.7,,
T,2019-09-20 03:01:45,34.057930000,-118.358698000,164.0,,
T,2019-09-20 03:01:48,34.057897000,-118.358715000,164.4,,
T,2019-09-20 03:01:51,34.057864000,-118.358729000,164.4,,
T,2019-09-20 03:01:54,34.057840000,-118.358749000,164.7,,
T,2019-09-20 03:01:58,34.057809000,-118.358774000,165.0,,
T,2019-09-20 03:02:02,34.057780000,-118.358796000,165.4,,
T,2019-09-20 03:02:04,34.057752000,-118.358798000,165.4,,
T,2019-09-20 03:02:07,34.057715000,-118.358793000,166.0,,
T,2019-09-20 03:02:11,34.057687000,-118.358769000,166.3,,
T,2019-09-20 03:02:14,34.057660000,-118.358752000,166.7,,
T,2019-09-20 03:02:17,34.057635000,-118.358732000,172.9,,
T,2019-09-20 03:02:20,34.057621000,-118.358702000,173.6,,
T,2019-09-20 03:02:24,34.057613000,-118.358655000,174.2,,
T,2019-09-20 03:02:28,34.057614000,-118.358616000,174.5,,
T,2019-09-20 03:02:32,34.057615000,-118.358565000,175.2,,
T,2019-09-20 03:02:35,34.057625000,-118.358522000,175.9,,
T,2019-09-20 03:02:38,34.057618000,-118.358482000,176.5,,
T,2019-09-20 03:02:42,34.057618000,-118.358434000,177.2,,
T,2019-09-20 03:02:45,34.057614000,-118.358391000,177.5,,
T,2019-09-20 03:02:48,34.057619000,-118.358351000,178.1,,
T,2019-09-20 03:02:52,34.057635000,-118.358323000,178.5,,
T,2019-09-20 03:02:54,34.057637000,-118.358289000,178.8,,
T,2019-09-20 03:02:56,34.057628000,-118.358252000,179.5,,
T,2019-09-20 03:02:58,34.057621000,-118.358216000,179.8,,
T,2019-09-20 03:03:01,34.057621000,-118.358168000,180.1,,
T,2019-09-20 03:03:03,34.057625000,-118.358132000,180.4,,
T,2019-09-20 03:03:05,34.057613000,-118.358102000,180.8,,
T,2019-09-20 03:04:19,34.057708000,-118.358099000,184.7,,
T,2019-09-20 03:04:21,34.057735000,-118.358091000,184.7,,
T,2019-09-20 03:04:24,34.057759000,-118.358069000,184.7,,
T,2019-09-20 03:04:27,34.057784000,-118.358051000,184.7,,
T,2019-09-20 03:04:30,34.057807000,-118.358033000,184.4,,
T,2019-09-20 03:04:32,34.057828000,-118.358010000,184.4,,
T,2019-09-20 03:04:35,34.057856000,-118.358014000,184.1,,
T,2019-09-20 03:04:39,34.057892000,-118.358006000,183.7,,
T,2019-09-20 03:04:42,34.057926000,-118.357992000,183.4,,
T,2019-09-20 03:04:45,34.057953000,-118.357985000,183.4,,
T,2019-09-20 03:04:48,34.057975000,-118.357964000,183.1,,
T,2019-09-20 03:04:51,34.058001000,-118.357947000,182.7,,
T,2019-09-20 03:04:53,34.058028000,-118.357929000,182.1,,
T,2019-09-20 03:04:56,34.058053000,-118.357919000,181.8,,
T,2019-09-20 03:04:59,34.058086000,-118.357917000,181.4,,
T,2019-09-20 03:05:02,34.058118000,-118.357912000,180.8,,
T,2019-09-20 03:05:08,34.058153000,-118.357898000,180.4,,
T,2019-09-20 03:05:10,34.058178000,-118.357883000,179.8,,
T,2019-09-20 03:05:13,34.058211000,-118.357869000,178.8,,
T,2019-09-20 03:05:15,34.058236000,-118.357857000,178.1,,
T,2019-09-20 03:05:18,34.058268000,-118.357841000,177.5,,
T,2019-09-20 03:05:21,34.058305000,-118.357823000,176.5,,
T,2019-09-20 03:05:24,34.058338000,-118.357813000,175.5,,
T,2019-09-20 03:05:28,34.058363000,-118.357786000,174.5,,
T,2019-09-20 03:05:31,34.058394000,-118.357774000,173.6,,
T,2019-09-20 03:05:33,34.058421000,-118.357759000,172.6,,
T,2019-09-20 03:05:35,34.058452000,-118.357761000,171.9,,
T,2019-09-20 03:05:37,34.058480000,-118.357740000,170.9,,
T,2019-09-20 03:05:40,34.058511000,-118.357739000,169.9,,
T,2019-09-20 03:05:42,34.058539000,-118.357730000,169.3,,
T,2019-09-20 03:05:45,34.058570000,-118.357706000,168.3,,
T,2019-09-20 03:05:47,34.058602000,-118.357682000,167.7,,
T,2019-09-20 03:05:50,34.058635000,-118.357674000,167.0,,
T,2019-09-20 03:05:52,34.058668000,-118.357670000,166.7,,
T,2019-09-20 03:05:55,34.058703000,-118.357666000,166.3,,
T,2019-09-20 03:05:59,34.058727000,-118.357648000,166.3,,
T,2019-09-20 03:06:01,34.058756000,-118.357643000,166.3,,
T,2019-09-20 03:06:04,34.058785000,-118.357632000,166.3,,
T,2019-09-20 03:06:07,34.058821000,-118.357593000,166.3,,
T,2019-09-20 03:06:11,34.058833000,-118.357549000,166.3,,
T,2019-09-20 03:06:13,34.058844000,-118.357518000,166.3,,
T,2019-09-20 03:06:16,34.058847000,-118.357470000,166.7,,
T,2019-09-20 03:06:20,34.058869000,-118.357449000,166.7,,
T,2019-09-20 03:06:24,34.058903000,-118.357435000,167.0,,
T,2019-09-20 03:06:27,34.058946000,-118.357419000,167.3,,
T,2019-09-20 03:06:29,34.058979000,-118.357404000,167.7,,
T,2019-09-20 03:06:31,34.059001000,-118.357383000,168.0,,
T,2019-09-20 03:06:34,34.059028000,-118.357376000,168.3,,
T,2019-09-20 03:06:39,34.059056000,-118.357354000,169.0,,
T,2019-09-20 03:06:43,34.059091000,-118.357336000,169.6,,
T,2019-09-20 03:06:46,34.059123000,-118.357327000,169.9,,
T,2019-09-20 03:06:49,34.059150000,-118.357318000,170.6,,
T,2019-09-20 03:06:52,34.059173000,-118.357299000,170.9,,
T,2019-09-20 03:06:55,34.059199000,-118.357277000,171.3,,
T,2019-09-20 03:06:58,34.059237000,-118.357251000,171.9,,
T,2019-09-20 03:07:00,34.059260000,-118.357233000,172.2,,
T,2019-09-20 03:07:02,34.059288000,-118.357236000,172.9,,
T,2019-09-20 03:07:04,34.059313000,-118.357223000,173.6,,
T,2019-09-20 03:07:06,34.059341000,-118.357208000,174.2,,
T,2019-09-20 03:07:08,34.059377000,-118.357216000,174.9,,
T,2019-09-20 03:07:11,34.059416000,-118.357203000,175.5,,
T,2019-09-20 03:07:13,34.059443000,-118.357185000,176.2,,
T,2019-09-20 03:07:17,34.059480000,-118.357182000,177.2,,
T,2019-09-20 03:07:20,34.059510000,-118.357153000,177.8,,
T,2019-09-20 03:07:22,34.059538000,-118.357151000,178.5,,
T,2019-09-20 03:07:27,34.059574000,-118.357124000,179.5,,
T,2019-09-20 03:07:30,34.059606000,-118.357106000,180.1,,
T,2019-09-20 03:07:34,34.059642000,-118.357101000,180.8,,
T,2019-09-20 03:07:36,34.059672000,-118.357092000,181.1,,
T,2019-09-20 03:07:40,34.059700000,-118.357076000,181.4,,
T,2019-09-20 03:07:43,34.059745000,-118.357081000,181.8,,
T,2019-09-20 03:07:46,34.059778000,-118.357065000,182.1,,
T,2019-09-20 03:07:50,34.059806000,-118.357055000,182.4,,
T,2019-09-20 03:07:52,34.059824000,-118.357029000,182.7,,
T,2019-09-20 03:07:54,34.059856000,-118.357026000,183.1,,
T,2019-09-20 03:07:58,34.059889000,-118.357018000,183.1,,
T,2019-09-20 03:08:01,34.059916000,-118.357001000,183.1,,
T,2019-09-20 03:08:04,34.059954000,-118.356988000,183.4,,
T,2019-09-20 03:08:07,34.059983000,-118.356971000,183.4,,
T,2019-09-20 03:08:11,34.060018000,-118.356939000,183.7,,
T,2019-09-20 03:08:13,34.060043000,-118.356921000,183.7,,
T,2019-09-20 03:08:16,34.060077000,-118.356911000,183.7,,
T,2019-09-20 03:08:18,34.060102000,-118.356896000,183.7,,
T,2019-09-20 03:08:22,34.060135000,-118.356889000,183.7,,
T,2019-09-20 03:08:27,34.060166000,-118.356876000,183.7,,
T,2019-09-20 03:08:29,34.060194000,-118.356870000,183.7,,
T,2019-09-20 03:08:30,34.060220000,-118.356851000,183.7,,
T,2019-09-20 03:08:32,34.060248000,-118.356847000,183.4,,
T,2019-09-20 03:08:34,34.060271000,-118.356828000,183.4,,
T,2019-09-20 03:08:37,34.060304000,-118.356808000,183.4,,
T,2019-09-20 03:08:40,34.060335000,-118.356797000,183.4,,
T,2019-09-20 03:08:44,34.060380000,-118.356769000,183.4,,
T,2019-09-20 03:08:46,34.060405000,-118.356746000,183.1,,
T,2019-09-20 03:08:49,34.060438000,-118.356748000,183.1,,
T,2019-09-20 03:08:52,34.060465000,-118.356743000,183.1,,
T,2019-09-20 03:08:56,34.060495000,-118.356730000,183.1,,
T,2019-09-20 03:09:00,34.060524000,-118.356709000,183.1,,
T,2019-09-20 03:09:02,34.060564000,-118.356695000,183.1,,
T,2019-09-20 03:09:06,34.060591000,-118.356686000,183.1,,
T,2019-09-20 03:09:09,34.060617000,-118.356669000,183.1,,
T,2019-09-20 03:09:12,34.060646000,-118.356642000,183.1,,
T,2019-09-20 03:09:15,34.060680000,-118.356638000,183.1,,
T,2019-09-20 03:09:18,34.060695000,-118.356605000,183.1,,
T,2019-09-20 03:09:21,34.060697000,-118.356547000,183.4,,
T,2019-09-20 03:09:25,34.060686000,-118.356514000,183.4,,
T,2019-09-20 03:09:29,34.060692000,-118.356476000,183.7,,
T,2019-09-20 03:09:31,34.060687000,-118.356443000,184.1,,
T,2019-09-20 03:09:34,34.060690000,-118.356403000,184.1,,
T,2019-09-20 03:09:38,34.060686000,-118.356361000,184.4,,
T,2019-09-20 03:09:40,34.060677000,-118.356325000,184.7,,
T,2019-09-20 03:09:43,34.060668000,-118.356290000,185.0,,
T,2019-09-20 03:09:45,34.060657000,-118.356254000,185.0,,
T,2019-09-20 03:09:49,34.060645000,-118.356211000,185.4,,
T,2019-09-20 03:09:52,34.060656000,-118.356175000,185.7,,
T,2019-09-20 03:09:55,34.060659000,-118.356138000,186.0,,
T,2019-09-20 03:09:57,34.060668000,-118.356107000,186.0,,
T,2019-09-20 03:10:00,34.060670000,-118.356066000,186.4,,
T,2019-09-20 03:10:03,34.060664000,-118.356029000,186.4,,
T,2019-09-20 03:10:05,34.060654000,-118.355998000,186.7,,
T,2019-09-20 03:10:07,34.060667000,-118.355968000,186.7,,
T,2019-09-20 03:10:10,34.060668000,-118.355925000,186.7,,
T,2019-09-20 03:10:14,34.060664000,-118.355891000,186.7,,
T,2019-09-20 03:10:16,34.060643000,-118.355864000,186.7,,
T,2019-09-20 03:10:20,34.060613000,-118.355863000,186.7,,
T,2019-09-20 03:10:23,34.060582000,-118.355868000,186.7,,
T,2019-09-20 03:10:26,34.060552000,-118.355879000,186.7,,
T,2019-09-20 03:10:29,34.060525000,-118.355900000,186.7,,
T,2019-09-20 03:10:31,34.060499000,-118.355913000,186.7,,
T,2019-09-20 03:10:33,34.060473000,-118.355925000,186.7,,
T,2019-09-20 03:10:36,34.060439000,-118.355924000,186.7,,
T,2019-09-20 03:10:38,34.060410000,-118.355934000,186.7,,
T,2019-09-20 03:10:40,34.060380000,-118.355944000,186.7,,
T,2019-09-20 03:10:42,34.060353000,-118.355963000,186.7,,
T,2019-09-20 03:10:44,34.060325000,-118.355967000,186.7,,
T,2019-09-20 03:10:46,34.060294000,-118.355994000,186.7,,
T,2019-09-20 03:10:49,34.060266000,-118.356017000,186.4,,
T,2019-09-20 03:10:52,34.060223000,-118.356032000,186.4,,
T,2019-09-20 03:10:55,34.060180000,-118.356044000,186.4,,
T,2019-09-20 03:10:57,34.060151000,-118.356062000,186.4,,
T,2019-09-20 03:11:00,34.060117000,-118.356081000,186.4,,
T,2019-09-20 03:11:03,34.060083000,-118.356096000,186.4,,
T,2019-09-20 03:11:05,34.060049000,-118.356111000,186.4,,
T,2019-09-20 03:11:07,34.060021000,-118.356111000,186.4,,
T,2019-09-20 03:11:09,34.059990000,-118.356125000,186.4,,
T,2019-09-20 03:11:11,34.059959000,-118.356125000,186.4,,
T,2019-09-20 03:11:13,34.059929000,-118.356139000,186.4,,
T,2019-09-20 03:11:16,34.059899000,-118.356155000,186.4,,
T,2019-09-20 03:11:18,34.059871000,-118.356161000,186.4,,
T,2019-09-20 03:11:20,34.059843000,-118.356180000,186.4,,
T,2019-09-20 03:11:22,34.059818000,-118.356198000,186.4,,
T,2019-09-20 03:11:25,34.059779000,-118.356215000,186.4,,
T,2019-09-20 03:11:28,34.059747000,-118.356224000,186.4,,
T,2019-09-20 03:11:30,34.059718000,-118.356236000,186.4,,
T,2019-09-20 03:11:33,34.059682000,-118.356250000,186.4,,
T,2019-09-20 03:11:36,34.059651000,-118.356274000,186.4,,
T,2019-09-20 03:11:38,34.059624000,-118.356282000,186.4,,
T,2019-09-20 03:11:41,34.059586000,-118.356299000,186.4,,
T,2019-09-20 03:11:44,34.059554000,-118.356313000,186.4,,
T,2019-09-20 03:11:46,34.059522000,-118.356322000,186.4,,
T,2019-09-20 03:11:49,34.059489000,-118.356329000,186.4,,
T,2019-09-20 03:11:52,34.059452000,-118.356336000,186.4,,
T,2019-09-20 03:11:54,34.059427000,-118.356357000,186.4,,
T,2019-09-20 03:11:56,34.059395000,-118.356368000,186.4,,
T,2019-09-20 03:11:59,34.059361000,-118.356387000,186.4,,
T,2019-09-20 03:12:01,34.059333000,-118.356406000,186.4,,
T,2019-09-20 03:12:04,34.059297000,-118.356424000,186.4,,
T,2019-09-20 03:12:07,34.059264000,-118.356438000,186.4,,
T,2019-09-20 03:12:09,34.059233000,-118.356447000,186.4,,
T,2019-09-20 03:12:11,34.059201000,-118.356466000,186.0,,
T,2019-09-20 03:12:13,34.059166000,-118.356476000,186.0,,
T,2019-09-20 03:12:16,34.059139000,-118.356486000,185.7,,
T,2019-09-20 03:12:19,34.059110000,-118.356509000,185.4,,
T,2019-09-20 03:12:21,34.059078000,-118.356525000,185.4,,
T,2019-09-20 03:12:24,34.059051000,-118.356522000,185.0,,
T,2019-09-20 03:12:28,34.059021000,-118.356521000,184.7,,
T,2019-09-20 03:12:31,34.058989000,-118.356545000,184.1,,
T,2019-09-20 03:12:36,34.058964000,-118.356582000,183.1,,
T,2019-09-20 03:12:38,34.058928000,-118.356585000,182.4,,
T,2019-09-20 03:12:40,34.058898000,-118.356599000,181.4,,
T,2019-09-20 03:12:42,34.058871000,-118.356603000,180.8,,
T,2019-09-20 03:12:45,34.058837000,-118.356622000,179.5,,
T,2019-09-20 03:12:48,34.058803000,-118.356626000,178.5,,
T,2019-09-20 03:12:50,34.058770000,-118.356639000,177.5,,
T,2019-09-20 03:12:53,34.058743000,-118.356649000,176.8,,
T,2019-09-20 03:12:56,34.058710000,-118.356656000,175.9,,
T,2019-09-20 03:12:58,34.058675000,-118.356666000,175.2,,
T,2019-09-20 03:13:10,34.058653000,-118.356688000,174.5,,
T,2019-09-20 03:13:13,34.058625000,-118.356701000,173.9,,
T,2019-09-20 03:13:16,34.058594000,-118.356717000,173.2,,
T,2019-09-20 03:13:19,34.058567000,-118.356730000,172.9,,
T,2019-09-20 03:13:22,34.058521000,-118.356748000,172.6,,
T,2019-09-20 03:13:24,34.058492000,-118.356765000,172.2,,
T,2019-09-20 03:13:26,34.058468000,-118.356780000,172.2,,
T,2019-09-20 03:13:30,34.058435000,-118.356775000,172.2,,
T,2019-09-20 03:13:33,34.058411000,-118.356794000,171.9,,
T,2019-09-20 03:13:36,34.058385000,-118.356806000,171.9,,
T,2019-09-20 03:13:40,34.058361000,-118.356841000,171.9,,
T,2019-09-20 03:13:43,34.058319000,-118.356845000,172.2,,
T,2019-09-20 03:13:45,34.058291000,-118.356849000,172.2,,
T,2019-09-20 03:13:48,34.058262000,-118.356856000,172.2,,
T,2019-09-20 03:13:50,34.058234000,-118.356864000,172.6,,
T,2019-09-20 03:13:52,34.058209000,-118.356881000,172.6,,
T,2019-09-20 03:13:56,34.058174000,-118.356893000,172.9,,
T,2019-09-20 03:13:59,34.058143000,-118.356908000,173.6,,
T,2019-09-20 03:14:02,34.058109000,-118.356931000,174.2,,
T,2019-09-20 03:14:04,34.058084000,-118.356952000,174.5,,
T,2019-09-20 03:14:06,34.058058000,-118.356963000,175.2,,
T,2019-09-20 03:14:08,34.058027000,-118.356978000,175.9,,
T,2019-09-20 03:14:10,34.058006000,-118.357001000,176.5,,
T,2019-09-20 03:14:14,34.057970000,-118.357010000,176.8,,
T,2019-09-20 03:14:16,34.057939000,-118.357023000,177.2,,
T,2019-09-20 03:14:19,34.057906000,-118.357022000,177.5,,
T,2019-09-20 03:14:22,34.057875000,-118.357031000,177.8,,
T,2019-09-20 03:14:24,34.057846000,-118.357042000,178.1,,
T,2019-09-20 03:14:28,34.057813000,-118.357049000,178.5,,
T,2019-09-20 03:14:30,34.057789000,-118.357066000,178.8,,
T,2019-09-20 03:14:32,34.057753000,-118.357079000,179.1,,
T,2019-09-20 03:14:34,34.057728000,-118.357097000,179.5,,
T,2019-09-20 03:14:36,34.057702000,-118.357113000,180.1,,
T,2019-09-20 03:14:40,34.057670000,-118.357121000,180.4,,
T,2019-09-20 03:14:43,34.057636000,-118.357132000,181.1,,
T,2019-09-20 03:14:46,34.057603000,-118.357143000,182.1,,
T,2019-09-20 03:14:49,34.057572000,-118.357149000,185.0,,
T,2019-09-20 03:14:53,34.057562000,-118.357185000,184.7,,
T,2019-09-20 03:14:56,34.057565000,-118.357227000,184.7,,
T,2019-09-20 03:14:59,34.057582000,-118.357264000,184.4,,
T,2019-09-20 03:15:02,34.057578000,-118.357297000,184.4,,
T,2019-09-20 03:15:04,34.057577000,-118.357333000,184.4,,
T,2019-09-20 03:15:07,34.057579000,-118.357376000,184.1,,
T,2019-09-20 03:15:10,34.057594000,-118.357415000,184.1,,
T,2019-09-20 03:15:12,34.057607000,-118.357446000,183.7,,
T,2019-09-20 03:15:15,34.057607000,-118.357487000,183.7,,
T,2019-09-20 03:15:18,34.057607000,-118.357520000,183.7,,
T,2019-09-20 03:15:20,34.057612000,-118.357555000,183.4,,
T,2019-09-20 03:15:23,34.057621000,-118.357597000,183.4,,
T,2019-09-20 03:15:26,34.057631000,-118.357633000,183.1,,
T,2019-09-20 03:15:29,34.057628000,-118.357675000,182.7,,
T,2019-09-20 03:15:32,34.057631000,-118.357726000,182.7,,
T,2019-09-20 03:15:34,34.057625000,-118.357759000,182.4,,
T,2019-09-20 03:15:38,34.057612000,-118.357797000,182.4,,
T,2019-09-20 03:15:40,34.057612000,-118.357836000,182.1,,
T,2019-09-20 03:15:43,34.057617000,-118.357870000,182.1,,
T,2019-09-20 03:15:45,34.057611000,-118.357907000,181.8,,
T,2019-09-20 03:15:48,34.057616000,-118.357945000,181.8,,
T,2019-09-20 03:15:51,34.057613000,-118.357989000,181.4,,
T,2019-09-20 03:15:54,34.057615000,-118.358038000,181.4,,
T,2019-09-20 03:15:57,34.057620000,-118.358082000,180.8,,
T,2019-09-20 03:16:01,34.057623000,-118.358122000,180.4,,
T,2019-09-20 03:16:04,34.057622000,-118.358179000,179.8,,
T,2019-09-20 03:16:07,34.057618000,-118.358227000,179.5,,
T,2019-09-20 03:16:10,34.057620000,-118.358268000,179.1,,
T,2019-09-20 03:16:12,34.057629000,-118.358305000,178.5,,
T,2019-09-20 03:16:15,34.057633000,-118.358339000,178.1,,
T,2019-09-20 03:16:18,34.057635000,-118.358372000,177.8,,
T,2019-09-20 03:16:22,34.057634000,-118.358417000,177.2,,
T,2019-09-20 03:16:25,34.057617000,-118.358445000,176.8,,
T,2019-09-20 03:16:27,34.057603000,-118.358480000,176.2,,
T,2019-09-20 03:16:29,34.057614000,-118.358516000,175.9,,
T,2019-09-20 03:16:32,34.057620000,-118.358563000,175.2,,
T,2019-09-20 03:16:34,34.057628000,-118.358597000,174.9,,
T,2019-09-20 03:16:37,34.057626000,-118.358643000,174.2,,
T,2019-09-20 03:16:40,34.057629000,-118.358687000,173.6,,
T,2019-09-20 03:16:43,34.057628000,-118.358732000,172.9,,
T,2019-09-20 03:16:46,34.057636000,-118.358781000,167.0,,
T,2019-09-20 03:16:49,34.057651000,-118.358827000,166.7,,
T,2019-09-20 03:16:52,34.057681000,-118.358840000,166.3,,
T,2019-09-20 03:16:54,34.057711000,-118.358830000,165.7,,
T,2019-09-20 03:16:57,34.057742000,-118.358817000,165.4,,
T,2019-09-20 03:16:59,34.057771000,-118.358812000,165.4,,
T,2019-09-20 03:17:02,34.057797000,-118.358794000,165.0,,
T,2019-09-20 03:17:05,34.057827000,-118.358777000,164.7,,
T,2019-09-20 03:17:07,34.057851000,-118.358760000,164.7,,
T,2019-09-20 03:17:10,34.057890000,-118.358747000,164.4,,
T,2019-09-20 03:17:13,34.057925000,-118.358745000,164.0,,
T,2019-09-20 03:17:16,34.057962000,-118.358728000,163.7,,
T,2019-09-20 03:17:18,34.057993000,-118.358698000,163.7,,
T,2019-09-20 03:17:21,34.058020000,-118.358674000,163.7,,
T,2019-09-20 03:17:24,34.058057000,-118.358659000,163.4,,
T,2019-09-20 03:17:27,34.058087000,-118.358653000,163.4,,
T,2019-09-20 03:17:30,34.058121000,-118.358653000,163.4,,
T,2019-09-20 03:17:34,34.058151000,-118.358629000,163.1,,
T,2019-09-20 03:17:36,34.058174000,-118.358609000,163.1,,
T,2019-09-20 03:17:39,34.058206000,-118.358611000,163.4,,
T,2019-09-20 03:17:42,34.058239000,-118.358604000,163.4,,
T,2019-09-20 03:17:44,34.058264000,-118.358583000,163.4,,
T,2019-09-20 03:17:48,34.058292000,-118.358568000,163.4,,
T,2019-09-20 03:17:52,34.058322000,-118.358552000,163.4,,
T,2019-09-20 03:17:54,34.058349000,-118.358542000,163.4,,
T,2019-09-20 03:17:57,34.058384000,-118.358518000,163.4,,
T,2019-09-20 03:18:00,34.058411000,-118.358509000,163.7,,
T,2019-09-20 03:18:03,34.058438000,-118.358495000,163.7,,
T,2019-09-20 03:18:06,34.058468000,-118.358471000,163.7,,
T,2019-09-20 03:18:08,34.058494000,-118.358458000,164.0,,
T,2019-09-20 03:18:10,34.058523000,-118.358455000,164.0,,
T,2019-09-20 03:18:13,34.058551000,-118.358439000,164.0,,
T,2019-09-20 03:18:15,34.058575000,-118.358414000,164.4,,
T,2019-09-20 03:18:18,34.058611000,-118.358392000,164.7,,
T,2019-09-20 03:18:20,34.058640000,-118.358387000,164.7,,
T,2019-09-20 03:18:22,34.058668000,-118.358379000,165.0,,
T,2019-09-20 03:18:24,34.058696000,-118.358358000,165.0,,
T,2019-09-20 03:18:28,34.058733000,-118.358356000,165.0,,
T,2019-09-20 03:18:30,34.058764000,-118.358344000,164.7,,
T,2019-09-20 03:18:52,34.058728000,-118.358359000,164.7,,
T,2019-09-20 03:18:55,34.058689000,-118.358365000,164.4,,
T,2019-09-20 03:18:58,34.058662000,-118.358383000,164.0,,
T,2019-09-20 03:19:01,34.058634000,-118.358387000,164.0,,
T,2019-09-20 03:19:04,34.058606000,-118.358408000,164.0,,
T,2019-09-20 03:19:06,34.058581000,-118.358426000,163.7,,
T,2019-09-20 03:19:09,34.058545000,-118.358453000,163.7,,
T,2019-09-20 03:19:12,34.058511000,-118.358476000,163.7,,
T,2019-09-20 03:19:14,34.058483000,-118.358470000,163.4,,
T,2019-09-20 03:19:17,34.058451000,-118.358485000,163.4,,
T,2019-09-20 03:19:20,34.058426000,-118.358503000,163.4,,
T,2019-09-20 03:19:23,34.058397000,-118.358519000,163.4,,
T,2019-09-20 03:19:26,34.058364000,-118.358527000,163.4,,
T,2019-09-20 03:19:29,34.058340000,-118.358548000,163.4,,
T,2019-09-20 03:19:32,34.058309000,-118.358558000,163.4,,
T,2019-09-20 03:19:35,34.058277000,-118.358557000,163.4,,
T,2019-09-20 03:19:38,34.058243000,-118.358576000,163.1,,
T,2019-09-20 03:19:40,34.058215000,-118.358575000,163.1,,
T,2019-09-20 03:19:43,34.058187000,-118.358588000,163.1,,
T,2019-09-20 03:19:46,34.058150000,-118.358603000,163.4,,
T,2019-09-20 03:19:50,34.058124000,-118.358628000,163.4,,
T,2019-09-20 03:19:53,34.058092000,-118.358649000,163.4,,
T,2019-09-20 03:19:55,34.058067000,-118.358663000,163.7,,
T,2019-09-20 03:19:58,34.058040000,-118.358679000,163.7,,
T,2019-09-20 03:20:01,34.058012000,-118.358680000,163.7,,
T,2019-09-20 03:20:04,34.057975000,-118.358697000,163.7,,
T,2019-09-20 03:20:07,34.057943000,-118.358710000,164.0,,
T,2019-09-20 03:20:09,34.057919000,-118.358725000,164.4,,
T,2019-09-20 03:20:12,34.057886000,-118.358740000,164.4,,
T,2019-09-20 03:20:15,34.057852000,-118.358747000,164.7,,
T,2019-09-20 03:20:17,34.057824000,-118.358761000,165.0,,
T,2019-09-20 03:20:20,34.057788000,-118.358773000,165.0,,
T,2019-09-20 03:20:22,34.057759000,-118.358782000,165.4,,
T,2019-09-20 03:20:26,34.057731000,-118.358802000,165.7,,
T,2019-09-20 03:20:29,34.057697000,-118.358807000,166.0,,
T,2019-09-20 03:20:33,34.057667000,-118.358795000,166.3,,
T,2019-09-20 03:20:38,34.057642000,-118.358775000,166.7,,
T,2019-09-20 03:20:40,34.057636000,-118.358735000,167.0,,
T,2019-09-20 03:20:44,34.057635000,-118.358698000,173.6,,
T,2019-09-20 03:20:46,34.057626000,-118.358666000,173.9,,
T,2019-09-20 03:20:50,34.057625000,-118.358619000,174.5,,
T,2019-09-20 03:20:54,34.057640000,-118.358582000,175.2,,
T,2019-09-20 03:20:57,34.057643000,-118.358546000,175.5,,
T,2019-09-20 03:21:02,34.057648000,-118.358505000,176.2,,
T,2019-09-20 03:21:05,34.057649000,-118.358465000,176.5,,
T,2019-09-20 03:21:07,34.057657000,-118.358424000,177.2,,
T,2019-09-20 03:21:10,34.057658000,-118.358389000,177.8,,
T,2019-09-20 03:21:12,34.057656000,-118.358355000,178.1,,
T,2019-09-20 03:21:15,34.057648000,-118.358320000,178.5,,
T,2019-09-20 03:21:19,34.057649000,-118.358283000,179.1,,
T,2019-09-20 03:21:22,34.057650000,-118.358246000,179.5,,
T,2019-09-20 03:21:25,34.057645000,-118.358197000,183.7,,
T,2019-09-20 03:21:27,34.057637000,-118.358164000,184.1,,
T,2019-09-20 03:21:30,34.057627000,-118.358124000,184.7,,
T,2019-09-20 03:21:33,34.057612000,-118.358095000,184.7,,
T,2019-09-20 03:21:40,34.057647000,-118.358103000,184.7,,
T,2019-09-20 03:21:42,34.057678000,-118.358101000,184.7,,
T,2019-09-20 03:21:45,34.057711000,-118.358089000,184.7,,
T,2019-09-20 03:21:47,34.057739000,-118.358076000,184.4,,
T,2019-09-20 03:21:50,34.057764000,-118.358057000,184.1,,
T,2019-09-20 03:21:53,34.057799000,-118.358051000,184.1,,
T,2019-09-20 03:21:56,34.057831000,-118.358031000,183.7,,
T,2019-09-20 03:21:59,34.057863000,-118.358015000,183.4,,
T,2019-09-20 03:22:01,34.057894000,-118.358012000,183.1,,
T,2019-09-20 03:22:04,34.057927000,-118.357988000,182.7,,
T,2019-09-20 03:22:07,34.057958000,-118.357963000,182.1,,
T,2019-09-20 03:22:10,34.057988000,-118.357948000,181.8,,
T,2019-09-20 03:22:14,34.058019000,-118.357936000,181.1,,
T,2019-09-20 03:22:17,34.058057000,-118.357924000,180.4,,
T,2019-09-20 03:22:20,34.058086000,-118.357899000,180.1,,
T,2019-09-20 03:22:22,34.058116000,-118.357890000,179.1,,
T,2019-09-20 03:22:25,34.058146000,-118.357880000,178.5,,
T,2019-09-20 03:22:29,34.058187000,-118.357870000,177.5,,
T,2019-09-20 03:22:32,34.058222000,-118.357862000,176.8,,
T,2019-09-20 03:22:35,34.058261000,-118.357853000,175.5,,
T,2019-09-20 03:22:38,34.058288000,-118.357836000,174.9,,
T,2019-09-20 03:22:42,34.058318000,-118.357825000,173.9,,
T,2019-09-20 03:22:45,34.058349000,-118.357806000,172.9,,
T,2019-09-20 03:22:46,34.058367000,-118.357779000,171.9,,
T,2019-09-20 03:22:48,34.058397000,-118.357767000,171.3,,
T,2019-09-20 03:22:51,34.058437000,-118.357757000,169.9,,
T,2019-09-20 03:22:54,34.058479000,-118.357754000,169.0,,
T,2019-09-20 03:22:56,34.058508000,-118.357742000,168.3,,
T,2019-09-20 03:22:58,34.058541000,-118.357725000,167.3,,
T,2019-09-20 03:23:00,34.058569000,-118.357717000,167.0,,
T,2019-09-20 03:23:02,34.058594000,-118.357703000,166.7,,
T,2019-09-20 03:23:05,34.058619000,-118.357676000,166.3,,
T,2019-09-20 03:23:08,34.058651000,-118.357658000,166.3,,
T,2019-09-20 03:23:10,34.058686000,-118.357662000,166.3,,
T,2019-09-20 03:23:13,34.058719000,-118.357633000,166.3,,
T,2019-09-20 03:23:16,34.058753000,-118.357631000,166.3,,
T,2019-09-20 03:23:19,34.058788000,-118.357618000,166.3,,
T,2019-09-20 03:23:21,34.058812000,-118.357601000,166.3,,
T,2019-09-20 03:23:24,34.058839000,-118.357587000,166.7,,
T,2019-09-20 03:23:27,34.058875000,-118.357564000,166.7,,
T,2019-09-20 03:23:29,34.058903000,-118.357555000,167.0,,
T,2019-09-20 03:23:31,34.058929000,-118.357536000,167.3,,
T,2019-09-20 03:23:33,34.058963000,-118.357528000,167.3,,
T,2019-09-20 03:23:35,34.058990000,-118.357516000,167.7,,
T,2019-09-20 03:23:37,34.059019000,-118.357518000,168.0,,
T,2019-09-20 03:23:40,34.059048000,-118.357484000,168.6,,
T,2019-09-20 03:23:46,34.059075000,-118.357492000,169.0,,
T,2019-09-20 03:23:50,34.059091000,-118.357462000,169.6,,
T,2019-09-20 03:23:55,34.059120000,-118.357444000,169.9,,
T,2019-09-20 03:23:57,34.059146000,-118.357431000,170.3,,
T,2019-09-20 03:24:00,34.059177000,-118.357431000,170.9,,
T,2019-09-20 03:24:04,34.059205000,-118.357429000,171.3,,
T,2019-09-20 03:24:09,34.059232000,-118.357419000,171.6,,
T,2019-09-20 03:24:22,34.059258000,-118.357408000,172.2,,
T,2019-09-20 03:24:28,34.059287000,-118.357397000,172.6,,
T,2019-09-20 03:24:31,34.059313000,-118.357388000,172.9,,
T,2019-09-20 03:24:35,34.059339000,-118.357373000,173.6,,
T,2019-09-20 03:24:40,34.059371000,-118.357351000,174.2,,
T,2019-09-20 03:24:44,34.059402000,-118.357333000,175.2,,
T,2019-09-20 03:24:47,34.059431000,-118.357332000,175.5,,
T,2019-09-20 03:24:50,34.059459000,-118.357330000,176.2,,
T,2019-09-20 03:24:53,34.059483000,-118.357313000,176.8,,
T,2019-09-20 03:24:57,34.059517000,-118.357304000,177.5,,
T,2019-09-20 03:25:00,34.059549000,-118.357296000,178.1,,
T,2019-09-20 03:25:03,34.059576000,-118.357287000,178.8,,
T,2019-09-20 03:25:08,34.059601000,-118.357264000,179.5,,
T,2019-09-20 03:25:18,34.059626000,-118.357241000,180.1,,
T,2019-09-20 03:25:22,34.059653000,-118.357217000,180.8,,
T,2019-09-20 03:25:25,34.059689000,-118.357203000,181.1,,
T,2019-09-20 03:25:28,34.059722000,-118.357179000,181.4,,
T,2019-09-20 03:25:31,34.059751000,-118.357169000,181.8,,
T,2019-09-20 03:25:33,34.059784000,-118.357182000,182.1,,
T,2019-09-20 03:25:37,34.059815000,-118.357167000,182.4,,
T,2019-09-20 03:25:40,34.059844000,-118.357157000,182.7,,
T,2019-09-20 03:25:42,34.059868000,-118.357135000,183.1,,
T,2019-09-20 03:25:44,34.059895000,-118.357127000,183.1,,
T,2019-09-20 03:25:48,34.059929000,-118.357121000,183.1,,
T,2019-09-20 03:25:51,34.059956000,-118.357110000,183.4,,
T,2019-09-20 03:25:53,34.059983000,-118.357086000,183.4,,
T,2019-09-20 03:25:56,34.060015000,-118.357079000,183.4,,
T,2019-09-20 03:25:59,34.060047000,-118.357061000,183.7,,
T,2019-09-20 03:26:03,34.060081000,-118.357052000,183.7,,
T,2019-09-20 03:26:05,34.060104000,-118.357032000,183.7,,
T,2019-09-20 03:26:08,34.060136000,-118.357025000,183.7,,
T,2019-09-20 03:26:10,34.060163000,-118.357017000,183.7,,
T,2019-09-20 03:26:12,34.060188000,-118.357004000,183.7,,
T,2019-09-20 03:26:16,34.060220000,-118.357002000,183.7,,
T,2019-09-20 03:26:20,34.060251000,-118.357004000,183.7,,
T,2019-09-20 03:26:24,34.060279000,-118.356979000,183.4,,
T,2019-09-20 03:26:27,34.060302000,-118.356952000,183.4,,
T,2019-09-20 03:26:30,34.060327000,-118.356933000,183.4,,
T,2019-09-20 03:26:33,34.060359000,-118.356923000,183.4,,
T,2019-09-20 03:26:36,34.060389000,-118.356925000,183.4,,
T,2019-09-20 03:26:40,34.060420000,-118.356919000,183.1,,
T,2019-09-20 03:26:43,34.060453000,-118.356903000,183.1,,
T,2019-09-20 03:26:46,34.060485000,-118.356884000,183.1,,
T,2019-09-20 03:26:49,34.060516000,-118.356874000,183.1,,
T,2019-09-20 03:26:52,34.060547000,-118.356856000,183.1,,
T,2019-09-20 03:26:54,34.060573000,-118.356844000,183.1,,
T,2019-09-20 03:26:57,34.060600000,-118.356828000,183.1,,
T,2019-09-20 03:26:59,34.060627000,-118.356814000,183.1,,
T,2019-09-20 03:27:02,34.060660000,-118.356818000,181.8,,
T,2019-09-20 03:27:05,34.060689000,-118.356822000,181.4,,
T,2019-09-20 03:27:09,34.060718000,-118.356845000,181.1,,
T,2019-09-20 03:27:13,34.060718000,-118.356882000,180.8,,
T,2019-09-20 03:27:16,34.060733000,-118.356911000,180.8,,
T,2019-09-20 03:27:19,34.060743000,-118.356953000,180.1,,
T,2019-09-20 03:27:22,34.060729000,-118.356995000,179.8,,
T,2019-09-20 03:27:24,34.060727000,-118.357033000,179.5,,
T,2019-09-20 03:27:26,34.060723000,-118.357065000,179.1,,
T,2019-09-20 03:27:28,34.060712000,-118.357099000,178.8,,
T,2019-09-20 03:27:31,34.060710000,-118.357136000,178.5,,
T,2019-09-20 03:27:34,34.060716000,-118.357175000,178.1,,
T,2019-09-20 03:27:36,34.060728000,-118.357205000,177.8,,
T,2019-09-20 03:27:38,34.060729000,-118.357240000,177.5,,
T,2019-09-20 03:27:41,34.060733000,-118.357279000,176.8,,
T,2019-09-20 03:27:44,34.060733000,-118.357320000,176.5,,
T,2019-09-20 03:27:46,34.060719000,-118.357358000,176.2,,
T,2019-09-20 03:27:48,34.060717000,-118.357392000,175.9,,
T,2019-09-20 03:27:51,34.060724000,-118.357431000,175.5,,
T,2019-09-20 03:27:54,34.060706000,-118.357459000,175.2,,
T,2019-09-20 03:27:57,34.060683000,-118.357490000,174.2,,
T,2019-09-20 03:28:00,34.060651000,-118.357498000,174.2,,
T,2019-09-20 03:28:03,34.060621000,-118.357504000,174.2,,
T,2019-09-20 03:28:06,34.060584000,-118.357524000,174.2,,
T,2019-09-20 03:28:09,34.060557000,-118.357544000,174.2,,
T,2019-09-20 03:28:11,34.060526000,-118.357558000,174.2,,
T,2019-09-20 03:28:13,34.060496000,-118.357570000,174.2,,
T,2019-09-20 03:28:15,34.060465000,-118.357588000,174.2,,
T,2019-09-20 03:28:18,34.060435000,-118.357601000,174.2,,
T,2019-09-20 03:28:21,34.060401000,-118.357599000,174.2,,
T,2019-09-20 03:28:28,34.060406000,-118.357631000,174.2,,
T,2019-09-20 03:28:32,34.060433000,-118.357638000,174.2,,
T,2019-09-20 03:28:34,34.060466000,-118.357625000,174.2,,
T,2019-09-20 03:28:36,34.060500000,-118.357618000,174.2,,
T,2019-09-20 03:28:38,34.060523000,-118.357599000,174.2,,
T,2019-09-20 03:28:40,34.060550000,-118.357587000,174.2,,
T,2019-09-20 03:28:46,34.060565000,-118.357550000,174.2,,
T,2019-09-20 03:28:48,34.060592000,-118.357535000,174.2,,
T,2019-09-20 03:28:50,34.060618000,-118.357526000,174.2,,
T,2019-09-20 03:28:53,34.060648000,-118.357499000,174.2,,
T,2019-09-20 03:28:58,34.060675000,-118.357474000,174.2,,
